,EX-RL,Normal Q-Learning
mean,1627.6315789473683,
std,803.0554298376998,
success,0.95,0.0
